{
    "sections": {
        "custom-header": {
            "type": "header"
        },
        "trust-ticker": {
            "type": "trust-ticker"
        },
        "hero-slider": {
            "type": "hero-slider"
        },
        "promo-video": {
            "type": "promotional-video"
        },
        "featured-products": {
            "type": "featured-products"
        },
        "custom-footer": {
            "type": "footer"
        }
    },
    "order": [
        "custom-header",
        "trust-ticker",
        "hero-slider",
        "promo-video",
        "featured-products",
        "custom-footer"
    ]
}